{
  "n_samples": 217,
  "duration_s": 8.146981208003126,
  "n_fixations": 25,
  "n_saccades": 24,
  "n_microsaccades": 0,
  "n_smooth_pursuits": 0,
  "n_psos": 0,
  "scanpath": "UrDuDddddDUdUDUDUdDUDDLl",
  "main_sequence": {
    "v_max": 66.30516205764792,
    "C": 2.5422781864354853,
    "power_a": 34.829680397782816,
    "power_b": 0.25209307631463473,
    "r_squared_power": 0.45925733622483444
  },
  "pupil": {
    "mean_size": 0.46881846479435174,
    "std_size": 0.03077390810831644,
    "min_size": 0.4292339399566071,
    "max_size": 0.571977550481743,
    "n_peaks": 18.0,
    "n_troughs": 19.0,
    "n_blinks": 0.0,
    "n_samples": 217.0,
    "valid_sample_fraction": 1.0,
    "invalid_sample_fraction": 0.0,
    "blink_fraction": 0.0,
    "median_dt_s": 0.033589833590667695,
    "peak_dilation_velocity": 0.974162666069641,
    "peak_constriction_velocity": -2.740602564871921,
    "baseline_size": 0.4531350637473588,
    "response_peak_size": 0.571977550481743,
    "latency_to_peak_s": 0.5566405451507306,
    "dilation_auc": 0.16272360995745294,
    "baseline_relative_peak_change": 0.26226724930879275,
    "mean_dilation_velocity": 0.16322635886387077,
    "mean_constriction_velocity": -0.14795586918280562,
    "phase_fraction_dilation": 0.40625,
    "phase_fraction_constriction": 0.4166666666666667,
    "phase_fraction_peak": 0.08854166666666667,
    "phase_fraction_trough": 0.08854166666666667,
    "phase_fraction_unknown": 0.0
  },
  "quality": {
    "finite_sample_fraction": 1.0,
    "sampling_rate_hz": 29.77091259772812,
    "detection_threshold_deg_s": 30.0,
    "adaptive_lambda_factor": 0.0,
    "fixation_rate_hz": 3.068621291950623,
    "saccade_rate_hz": 2.945876440272598,
    "microsaccade_rate_hz": 0.0,
    "pso_rate_hz": 0.0,
    "n_samples": 217.0,
    "valid_sample_fraction": 1.0,
    "dropout_fraction": 0.0,
    "median_dt_s": 0.033589833590667695,
    "sampling_jitter_s": 0.0007676664972677827,
    "longest_gap_s": 0.3364554170984775,
    "large_gap_count": 4.0,
    "nonmonotonic_timestamp_count": 0.0
  },
  "config": {
    "detection": {
      "method": "ivt",
      "velocity_threshold_deg_s": 30.0,
      "adaptive_lambda_factor": 6.0,
      "min_saccade_duration_s": 0.006,
      "merge_gap_s": 0.0,
      "min_inter_event_gap_s": 0.0,
      "max_saccade_duration_s": null,
      "reject_edge_events": false,
      "long_saccade_deg": 5.0,
      "include_microsaccades": true,
      "include_smooth_pursuit": false,
      "smooth_pursuit_min_velocity_deg_s": 2.0,
      "smooth_pursuit_max_velocity_deg_s": 30.0,
      "smooth_pursuit_min_duration_s": 0.1,
      "include_pso": false,
      "pso_window_s": 0.04,
      "pso_peak_fraction": 0.2
    },
    "pupil": {
      "enabled": true,
      "smooth_window": 5,
      "blink_threshold": 0.0,
      "blink_pad_samples": 1,
      "smooth_cutoff_hz": 4.0,
      "smooth_order": 2,
      "baseline_window_s": null,
      "response_window_s": null
    }
  },
  "saccades": [
    {
      "onset_t": 4.661950832931325,
      "offset_t": 4.761727000004612,
      "amplitude_deg": 7.074504637955623,
      "direction_deg": 71.9801868314754,
      "peak_velocity_deg_s": 47.4082260217395,
      "duration_s": 0.09977616707328707
    },
    {
      "onset_t": 5.699905124958605,
      "offset_t": 5.733909624977969,
      "amplitude_deg": 0.9425540823524339,
      "direction_deg": 8.637476906209365,
      "peak_velocity_deg_s": 35.33071716638797,
      "duration_s": 0.03400450001936406
    },
    {
      "onset_t": 6.438882665941492,
      "offset_t": 6.504876208025962,
      "amplitude_deg": 6.102967663136203,
      "direction_deg": -102.1326222622475,
      "peak_velocity_deg_s": 47.99194225202752,
      "duration_s": 0.06599354208447039
    },
    {
      "onset_t": 6.603645832976326,
      "offset_t": 6.63759116595611,
      "amplitude_deg": 1.7208435134402083,
      "direction_deg": 134.63890935159228,
      "peak_velocity_deg_s": 48.72285915824544,
      "duration_s": 0.033945332979783416
    },
    {
      "onset_t": 6.8731388750020415,
      "offset_t": 6.940232791006565,
      "amplitude_deg": 5.820336787598893,
      "direction_deg": -53.11575513987983,
      "peak_velocity_deg_s": 48.80174258412277,
      "duration_s": 0.06709391600452363
    },
    {
      "onset_t": 7.013606374966912,
      "offset_t": 7.044869540957734,
      "amplitude_deg": 4.268166347325204,
      "direction_deg": -75.92824841536671,
      "peak_velocity_deg_s": 45.78135362554565,
      "duration_s": 0.03126316599082202
    },
    {
      "onset_t": 7.241363290930167,
      "offset_t": 7.274947750032879,
      "amplitude_deg": 4.9510331346592364,
      "direction_deg": -68.8701559510053,
      "peak_velocity_deg_s": 39.34799642704039,
      "duration_s": 0.03358445910271257
    },
    {
      "onset_t": 7.4104622500017285,
      "offset_t": 7.479001957923174,
      "amplitude_deg": 4.7683055611751985,
      "direction_deg": -61.59634677794193,
      "peak_velocity_deg_s": 35.423859343494954,
      "duration_s": 0.06853970792144537
    },
    {
      "onset_t": 7.709225540980697,
      "offset_t": 7.778616750030778,
      "amplitude_deg": 1.6474883108311573,
      "direction_deg": -58.133240384737675,
      "peak_velocity_deg_s": 39.52310978341627,
      "duration_s": 0.06939120905008167
    },
    {
      "onset_t": 8.045020082965493,
      "offset_t": 8.21370045794174,
      "amplitude_deg": 10.34902336484493,
      "direction_deg": -102.25369658867733,
      "peak_velocity_deg_s": 68.0819236937138,
      "duration_s": 0.16868037497624755
    },
    {
      "onset_t": 8.315244875033386,
      "offset_t": 8.516480291029438,
      "amplitude_deg": 8.388259861654122,
      "direction_deg": 65.04516454702744,
      "peak_velocity_deg_s": 67.75246990608706,
      "duration_s": 0.20123541599605232
    },
    {
      "onset_t": 8.61473395791836,
      "offset_t": 8.682882874971256,
      "amplitude_deg": 2.119847365905417,
      "direction_deg": -100.0157618678073,
      "peak_velocity_deg_s": 54.626675186453106,
      "duration_s": 0.06814891705289483
    },
    {
      "onset_t": 8.783696749946102,
      "offset_t": 8.983934541000053,
      "amplitude_deg": 14.520600287452858,
      "direction_deg": 89.99080764412656,
      "peak_velocity_deg_s": 80.21103763048853,
      "duration_s": 0.2002377910539508
    },
    {
      "onset_t": 9.051202083006501,
      "offset_t": 9.18534708302468,
      "amplitude_deg": 10.088311385583472,
      "direction_deg": -102.99513741450434,
      "peak_velocity_deg_s": 75.38988904079031,
      "duration_s": 0.13414500001817942
    },
    {
      "onset_t": 9.25180783297401,
      "offset_t": 9.420131790917367,
      "amplitude_deg": 15.10015086682695,
      "direction_deg": 79.32490941050912,
      "peak_velocity_deg_s": 81.97812319928993,
      "duration_s": 0.16832395794335753
    },
    {
      "onset_t": 9.52013766602613,
      "offset_t": 9.720990124973468,
      "amplitude_deg": 12.640662876332607,
      "direction_deg": -94.09355981826288,
      "peak_velocity_deg_s": 62.17861448789701,
      "duration_s": 0.20085245894733816
    },
    {
      "onset_t": 9.828424207982607,
      "offset_t": 10.258464833023027,
      "amplitude_deg": 12.200883270230085,
      "direction_deg": 92.83082955297127,
      "peak_velocity_deg_s": 76.59573561003485,
      "duration_s": 0.4300406250404194
    },
    {
      "onset_t": 10.392519249930046,
      "offset_t": 10.459931958001107,
      "amplitude_deg": 2.168832709729413,
      "direction_deg": -58.1439669447004,
      "peak_velocity_deg_s": 36.45629354717839,
      "duration_s": 0.06741270807106048
    },
    {
      "onset_t": 10.692986791022122,
      "offset_t": 10.82760108297225,
      "amplitude_deg": 8.496899078591843,
      "direction_deg": -101.12308561044482,
      "peak_velocity_deg_s": 59.74699750174349,
      "duration_s": 0.13461429195012897
    },
    {
      "onset_t": 10.934002624941058,
      "offset_t": 11.26782679092139,