{
  "kind": "itrace_statistical_diagnostics",
  "truth_boundary": "Descriptive statistics over a supplied SessionReport; not population physiology, reference-device validation, or biological ground truth.",
  "n_samples": 1500,
  "duration_s": 5.996,
  "n_fixations": 16,
  "n_saccades": 15,
  "amplitude_model_comparison": {
    "sample": "saccade_amplitude_deg",
    "n": 15,
    "families": [
      {
        "family": "lognormal",
        "n": 15,
        "params": {
          "shape": 1.6821329344504987,
          "scale": 1.284660373196396
        },
        "loglik": -32.84243261389518,
        "aic": 69.68486522779035,
        "delta_aic": 0.0,
        "aicc": 70.68486522779035,
        "delta_aicc": 0.0,
        "akaike_weight": 0.6250416371058701,
        "aicc_weight": 0.6270428016066422,
        "evidence_ratio": 1.0,
        "bic": 71.10096562999477,
        "ks_statistic": 0.2856424955548249,
        "ks_pvalue": 0.1412552224038791
      },
      {
        "family": "weibull",
        "n": 15,
        "params": {
          "shape": 0.6272733853812972,
          "scale": 3.064364548963195
        },
        "loglik": -33.93284354131015,
        "aic": 71.8656870826203,
        "delta_aic": 2.1808218548299436,
        "aicc": 72.8656870826203,
        "delta_aicc": 2.1808218548299436,
        "akaike_weight": 0.21006296927731877,
        "aicc_weight": 0.2107355173638606,
        "evidence_ratio": 2.9754965344734754,
        "bic": 73.28178748482472,
        "ks_statistic": 0.30609187359253814,
        "ks_pvalue": 0.09594149434274346
      },
      {
        "family": "gamma",
        "n": 15,
        "params": {
          "shape": 0.5162017898369645,
          "scale": 8.467147226652198
        },
        "loglik": -34.21929155353485,
        "aic": 72.4385831070697,
        "delta_aic": 2.7537178792793497,
        "aicc": 73.4385831070697,
        "delta_aicc": 2.7537178792793497,
        "akaike_weight": 0.15774176973872925,
        "aicc_weight": 0.15824680366151195,
        "evidence_ratio": 3.9624358097486714,
        "bic": 73.85468350927412,
        "ks_statistic": 0.3263478260494321,
        "ks_pvalue": 0.06360070405506368
      },
      {
        "family": "exgaussian",
        "n": 15,
        "params": {
          "K": 3026.645990541987,
          "mu": 0.23069570735790335,
          "sigma": 0.0013650703062736162
        },
        "loglik": -36.3127402984663,
        "aic": 78.6254805969326,
        "delta_aic": 8.94061536914225,
        "aicc": 80.80729877875079,
        "delta_aicc": 10.122433550960437,
        "akaike_weight": 0.0071528478801216955,
        "aicc_weight": 0.003974098885551442,
        "evidence_ratio": 87.38360546474196,
        "bic": 80.74963120023924,
        "ks_statistic": 0.5212537479038845,
        "ks_pvalue": 0.00025580094422695404
      },
      {
        "family": "normal",
        "n": 15,
        "params": {
          "mu": 4.370756553210955,
          "sigma": 5.350387045706373
        },
        "loglik": -46.44161154731492,
        "aic": 96.88322309462984,
        "delta_aic": 27.198357866839487,
        "aicc": 97.88322309462984,
        "delta_aicc": 27.198357866839487,
        "akaike_weight": 7.759979600912331e-07,
        "aicc_weight": 7.784824338898052e-07,
        "evidence_ratio": 805468.1445713913,
        "bic": 98.29932349683426,
        "ks_statistic": 0.3612878155758698,
        "ks_pvalue": 0.02926122084343663
      }
    ],
    "model_selection_bootstrap": {
      "n_boot": 40,
      "seed": 2603,
      "criterion": "aic",
      "available": true,
      "successful_bootstraps": 40,
      "winner_counts": {
        "gamma": 10,
        "lognormal": 30
      },
      "winner_frequencies": {
        "gamma": 0.25,
        "lognormal": 0.75
      },
      "top_family": "lognormal",
      "top_frequency": 0.75,
      "unique_winner_count": 2,
      "method_note": "Bootstrap resamples refit the same candidate set and record the lowest-AIC winner; frequencies describe ranking stability, not posterior model probabilities."
    },
    "available": true,
    "best_family": "lognormal",
    "weight_criterion": "aic",
    "aicc_weight_criterion": "aicc"
  },
  "amplitude_shape_summary": {
    "sample": "saccade_amplitude_deg",
    "n": 15,
    "bootstrap_n": 500,
    "bootstrap_seed": 2502,
    "confidence": 0.95,
    "available": true,
    "mean": 4.370756553210955,
    "median": 0.4464840366589786,
    "std": 5.538176744090182,
    "min": 0.23461436097282568,
    "max": 13.805501994959615,
    "q25": 0.3199404407596812,
    "q75": 10.341891480168062,
    "iqr": 10.02195103940838,
    "coefficient_of_variation": 1.2670979672893443,
    "mean_median_gap": 3.9242725165519765,
    "bowley_skewness": 0.9747467144068652,
    "iqr_outlier_lower": -14.71298611835289,
    "iqr_outlier_upper": 25.374818039280633,
    "iqr_outlier_count": 0,
    "iqr_outlier_fraction": 0.0,
    "median_ci_low": 0.31911236457173386,
    "median_ci_high": 10.371018146065477,
    "iqr_ci_low": 0.1978322359372776,
    "iqr_ci_high": 12.72396960524052,
    "method_note": "Quartile/IQR descriptors summarize amplitude shape without assuming a fitted distribution; percentile bootstrap intervals are descriptive finite-sample uncertainty summaries."
  },
  "amplitude_quantile_diagnostics": {
    "sample": "saccade_amplitude_deg",
    "n": 15,
    "available": true,
    "plotting_position": "(i - 0.5) / n",
    "family": "lognormal",
    "probabilities": [
      0.03333333333333333,
      0.1,
      0.16666666666666666,
      0.23333333333333334,
      0.3,
      0.36666666666666664,
      0.43333333333333335,
      0.5,
      0.5666666666666667,
      0.6333333333333333,
      0.7,
      0.7666666666666667,
      0.8333333333333334,
      0.9,
      0.9666666666666667
    ],
    "empirical_quantiles_deg": [
      0.23461436097282568,
      0.24290066379693873,
      0.2517868002886082,
      0.30337891700072706,
      0.3365019645186354,
      0.3411020476807213,
      0.426953032956947,
      0.4464840366589786,
      0.5695675374311872,
      3.681789900033575,
      9.759358162219236,
      10.924424798116888,
      11.047063610047575,
      13.189920471481884,
      13.805501994959615
    ],
    "fitted_quantiles_deg": [
      0.05875413029838886,
      0.14878607942658337,
      0.2523754812570772,
      0.37758765536032357,
      0.5317313008252543,
      0.7242637865851499,
      0.9685785907489128,
      1.284660373196396,
      1.7038909286494115,
      2.278661870203937,
      3.1037335434264133,
      4.370779211217085,
      6.539273412142622,
      11.092114805508059,
      28.089127795435324
    ],
    "residuals_deg": [
      0.17586023067443682,
      0.09411458437035536,
      -0.0005886809684689798,
      -0.07420873835959652,
      -0.19522933630661893,
      -0.3831617389044286,
      -0.5416255577919659,
      -0.8381763365374173,
      -1.1343233912182242,
      1.403128029829638,
      6.655624618792823,
      6.553645586899803,
      4.507790197904953,
      2.0978056659738247,
      -14.28362580047571
    ],
    "residual_rmse_deg": 4.622208067900622,
    "central_80_rmse_deg": 2.992544820250892,
    "median_abs_residual_deg": 0.8381763365374173,
    "max_abs_residual_deg": 14.28362580047571,
    "qq_slope": 0.5740429459689615,
    "qq_intercept": 2.0162497994116313,
    "qq_correlation": 0.7550587194948225,
    "method_note": "Empirical order statistics are compared with fitted quantiles from the lowest-AIC family; this is graphical model adequacy, not a population goodness proof."
  },
  "amplitude_cdf_diagnostics": {
    "sample": "saccade_amplitude_deg",
    "n": 15,
    "available": true,
    "empirical_cdf_position": "(i - 0.5) / n",
    "dkw_alpha": 0.05,
    "family": "lognormal",